<?xml version="1.0" encoding="UTF-8"?>
<project-private xmlns="http://www.netbeans.org/ns/project-private/1">
    <editor-bookmarks xmlns="http://www.netbeans.org/ns/editor-bookmarks/2" lastBookmarkId="0"/>
    <open-files xmlns="http://www.netbeans.org/ns/projectui-open-files/2">
        <group>
            <file>file:/C:/Users/Manana/Desktop/Interfaces/ExamenInterfaces2AlejandroZurron/src/exameninterfaces2alejandrozurron/Bundle.properties</file>
            <file>file:/C:/Users/Manana/Desktop/Interfaces/ExamenInterfaces2AlejandroZurron/src/exameninterfaces2alejandrozurron/Examen2Evaluacion.java</file>
            <file>file:/C:/Users/Manana/Desktop/Interfaces/ExamenInterfaces2AlejandroZurron/src/exameninterfaces2alejandrozurron/Termostato.java</file>
        </group>
    </open-files>
</project-private>
