<?xml version="1.0" encoding="UTF-8"?>
<launch4jConfig>
  <dontWrapJar>false</dontWrapJar>
  <headerType>gui</headerType>
  <jar>C:\Users\Manana\Desktop\Interfaces\ExamenInterfaces2AlejandroZurron\dist\ExamenInterfaces2AlejandroZurron.jar</jar>
  <outfile>C:\Users\Manana\Desktop\Interfaces\ExamenInterfaces2AlejandroZurron\mapa.exe</outfile>
  <errTitle></errTitle>
  <cmdLine></cmdLine>
  <chdir>.</chdir>
  <priority>normal</priority>
  <downloadUrl></downloadUrl>
  <supportUrl></supportUrl>
  <stayAlive>false</stayAlive>
  <restartOnCrash>false</restartOnCrash>
  <manifest></manifest>
  <icon>C:\Users\Manana\Desktop\mapa\Mapa Castilla y Leon.ico</icon>
  <jre>
    <path>%JAVA_HOME%;%PATH%</path>
    <requiresJdk>false</requiresJdk>
    <requires64Bit>false</requires64Bit>
    <minVersion>23</minVersion>
    <maxVersion></maxVersion>
  </jre>
  <splash>
    <file>C:\Users\Manana\Desktop\mapa\Mapa Castilla y Leon.bmp</file>
    <waitForWindow>true</waitForWindow>
    <timeout>60</timeout>
    <timeoutErr>true</timeoutErr>
  </splash>
</launch4jConfig>